{
	"train": {
		"aeroplane": 837,
		"person": 9734,
		"tvmonitor": 790,
		"dog": 1418,
		"chair": 2794,
		"bird": 1128,
		"bottle": 1396,
		"boat": 940,
		"diningtable": 715,
		"train": 609,
		"motorbike": 689,
		"horse": 696,
		"cow": 633,
		"bicycle": 712,
		"car": 2235,
		"cat": 1141,
		"sofa": 732,
		"bus": 569,
		"pottedplant": 1024,
		"sheep": 931
	},
	"validation": {
		"aeroplane": 112,
		"train": 93,
		"boat": 108,
		"bicycle": 103,
		"person": 866,
		"sheep": 153,
		"tvmonitor": 98,
		"horse": 104,
		"bottle": 163,
		"sofa": 106,
		"chair": 245,
		"cow": 132,
		"car": 249,
		"pottedplant": 171,
		"bus": 116,
		"diningtable": 82,
		"dog": 150,
		"bird": 140,
		"cat": 132,
		"motorbike": 103
	},
	"classes": 20,
	"class_names": [
		"aeroplane",
		"bicycle",
		"bird",
		"boat",
		"bottle",
		"bus",
		"car",
		"cat",
		"chair",
		"cow",
		"diningtable",
		"dog",
		"horse",
		"motorbike",
		"person",
		"pottedplant",
		"sheep",
		"sofa",
		"train",
		"tvmonitor"
	],
	"class_dic": {
		"aeroplane": 0,
		"bicycle": 1,
		"bird": 2,
		"boat": 3,
		"bottle": 4,
		"bus": 5,
		"car": 6,
		"cat": 7,
		"chair": 8,
		"cow": 9,
		"diningtable": 10,
		"dog": 11,
		"horse": 12,
		"motorbike": 13,
		"person": 14,
		"pottedplant": 15,
		"sheep": 16,
		"sofa": 17,
		"train": 18,
		"tvmonitor": 19
	},
	"color_dict": {
		"background": [
			0,
			0,
			0
		],
		"aeroplane": [
			128,
			0,
			0
		],
		"bicycle": [
			0,
			128,
			0
		],
		"bird": [
			128,
			128,
			0
		],
		"boat": [
			0,
			0,
			128
		],
		"bottle": [
			128,
			0,
			128
		],
		"bus": [
			0,
			128,
			128
		],
		"car": [
			128,
			128,
			128
		],
		"cat": [
			64,
			0,
			0
		],
		"chair": [
			192,
			0,
			0
		],
		"cow": [
			64,
			128,
			0
		],
		"diningtable": [
			192,
			128,
			0
		],
		"dog": [
			64,
			0,
			128
		],
		"horse": [
			192,
			0,
			128
		],
		"motorbike": [
			64,
			128,
			128
		],
		"person": [
			192,
			128,
			128
		],
		"pottedplant": [
			0,
			64,
			0
		],
		"sheep": [
			128,
			64,
			0
		],
		"sofa": [
			0,
			192,
			0
		],
		"train": [
			128,
			192,
			0
		],
		"tvmonitor": [
			0,
			64,
			128
		]
	}
}